"prolific_id","text_video"
"5cb63520029f810015b238f8","The video shows how people´s minds can be suggested to act on a decision even if they think that the decision is f"
"5e7a73e011bf5605d36610ae","This video was about making decision in our lives, about how many factors go into that. This video presented a scientific approach to decision making and ended with an interesting experiment that surprised"
"5efb5648d7ea0e08aa5d1179","This video was about the philisophical discussion of free will. She discussed some history of the study of free will, and even showed a magic trick to depict the illusion of not having free wi"
"5f104cc2fa52f114671393e1","The video shows a card trick, you think the card and then it is selected. There is also talk of influencing peo"
"5f214c0d5ed0e52b6f80c52c","The video was about freadom of choice and free will.At the start the woman that was presenting data was making a narrative that she can predict our choice and there really isn’t a free will. But at the end she said that it all was a trick(the thing with cards) and that humans really have more free will that she argued bef"
"5fbd2a8a15fdd306833e096f","the woman in the video talks about studies that were made on how much time passes between the decision we make and when we are concious of it. she also talks about how easily manipulated humans can be while they're making a decision. she then did a card trick trying to figure out what card whe chose out of the five she showed, at the end she said that we are more conscious of our choices than we t"
"602023508de69e5f31d1f829","The video was about our decisions when basically the person explained that our unconxious decisions are the true ones and every of our decision have an action or a consequense in somet"
"6036861537fc159d8615e3b8","THere is a question of how much free will is a thing that exist and how much is it an illusion that we create for ourselves. In this video there is a short summary of different experiments that would show that free will is and illusion and another experiment that would demonstrate that it is"
"6065d483a731ed01826ae0ec","The video showed as that sometimes eyes be confused from what we see. So the brain confused and the choice is diffi"
"6072c272c57bbc78674883e9","History of pro-free will. Neuroimaging and neuro-activity experiments which results neither completely support nor are against free-will. Card trick to make us believe there's no free-will with  a final explanation saying otherw"
"60a67a5895f3458755e70f07","This video was about making a decisions. A woman told me to choose one cards and remember it. Then she explaned that she changed the ca"
"60d272913c63b69cc799537b","we are in charge of our thoughts and we make up our minds in about 10s before we actually take act"
"60d31faf73bf3313b441aebf","The video is about how we are unaware of the fact that our decisions can be easily manipulated. As an example of this phenomenon the woman is doing a mind trick with cards. In the viedo it is also explained how our brains wo"
"60d34d4abd84e980d4ad0c18","people are in control of their own actions even if they don't believe it. We tend to react before we think and we can be manipulated to think that our actions are control"
"60d48ae775af783577395112","The question that the video sought to address was one of free will, that is, are we as humans really in control of our decision-making. Do we really have free will or it is an illusion? the speaker made reference to a number of scientific and psychological experiments which have documented that sometimes we may act unconsciously before the decision is registered in our brain. The speaker makes it known that these experiments have certain shortfalls, one being how they fail to account for how we make bigger life decisions. In concluding, we become aware of just how much free will we have, that it is not a mere illusion, but rather that we are for the most time in control of our deciso"
"60d61ee9d6cd38e681fe6b64","I think the video talk about the brain nor memory because they started showing the structure of the brain then after they explain the importance of it and how it works. Psychological studies shows unconscious brain. That woman shows the card to see that viewers can remember what they seen then after she removed 1 card to see how memory w"
"60d6e2dd110d9cbe0c20bbc7","The video is about our choices not being exactly a result of our free will. In fact, we are not even aware of having decided something, which usually happens as a result of our unconscious min"
"60d8f202665e945f55b6b3f7","The video explains how some actions tend to happen before our thoughts, and effectively asking how free will fits the equation, and a test to show how a choice can be influenced so the outcome can be predict"
"60da00d7b3771bbfa2d42297","discussing free will, and the history behind the concept, followed by a demonstration that helped back up that we have more free will than was earlier mentio"
