"prolific_id","text_video"
"5d30b8239e15d300190e3bd3","The topic of the video was our free will. It spoke about some studies done on brains that show that our unconscious mind makes the decision before we even realize it. Then there was a demonstration with cards where we were supposed to choose one card and then the lady predicted which one we chose based on how she manipulated us to choose"
"5e1f2e9726d97425b32bf5ff","People's free will is mostly an illusion. It is easy to manipulate our decision with simple tri"
"5ea32414f9c4f82771f0c243","The video showed the study of free will and how we are under the illusion of free will but our choices can me manipluate"
"5ea94386ec2b53000a240fdb","Video talks about how our choices may not be our own and can be manipulated. And that our choices are made before we even know we made t"
"5f0dd4bb3055d0094c3fa85b","this video focused on free will and specifically the philosophy of whether it was a choice or other things around us influencing"
"5f2f8cf87436b3000a83d5b9","Talks about how what we believe is free will, it's actually an illusion. Our decisions are sometimes already made by our unconscious or by other external facto"
"5fd60ec7f4d075494fb59ef7","Free will is an Illusion. This idea is suported by reasearch and experime"
"603e559cf582d0e95e1466a0","The video is an argument against free will using observations from psychology, neurology, and a small card trick to bring the point home. We do not have free will - it is an illusion. Our choices are influenced by factors beyond our conscious thoug"
"60a67a5895f3458755e70f07","The speaker was talking about choices that we make. She showed us a trick using ca"
"60ae4d06d888176915d3bb17","The video discusses the question of wether our options are conscious decisions, or subconscious decisions that were made before we could even realise it. She then explains how those decisions can be manipulat"
"60bd2a9687416f883552a6b7","In the video, it is argued that free will might be an illusion. At first, the speaker talks about some studies that have shown that. Then, there's a small experiment with ca"
"60cd23e56f70d455e4759026","The video talks about the concept of free will being just an illusion and how little control we do have on our day-to-day decisions. It mentions how some experiments have proven that our brain decides seconds before we are aware of that decision, and how the decisions are manipulated even though it seems we are making them with our free will. Finally, I was able to experience that theory and prove it right, by choosing the predicted c"
"60d332fbcafc456d09489043","in the video i got to see that our choice are predectable,that is why on the cards the study shows that 90% of people chose the same "
"60d40dbd82122fd4870ee8ee","Those questions were asked : What is free will ? Does free will exist ? \n\nThe woman tried to provide simple answers to those questions. She also did a short experiment and asked the viewer to choose a card. \n\nThis experiment was meant to show that, even when one might think that they've acted and chose consciously, our choices can be manipulat"
"60d41ff8cf1e1b520d8907bf","the video was interesting. She spoke in a clear manner. I was interested in its con"
"60d72bfe149d0a660fc98d4d","The video is about the theory of free will. Do humans have it or not? Many studies show that people can make a decision up to 10 seconds before actually being aware of making a choice, therefore, showing that we are influenced before we make our choices. \nUsing a simple card trick, the researcher 'guessed' which card the viewers would choo"
"60d77c8217159fd41cea563a","Human brain is very easy to manipulate. Brains subconcious is often in charge of people decisions  because of the processing speed. It is possible to find ways of manipulation the subconcious in a reproductive man"
"60d8578ec7d921650405f9b3","A great number of studies sustain the hypothesis that free will it's just an illusion. The decisions are already made by our brain before we become aware of them. The relator showed a card trick to quickly prove these stateme"
"60d8ef203a9c6570ff952bb7","This video is about free will. The woman suggests that we have basically no free will. She did a card trick to make us realise that our thoughts can be manipulated without us even noticin"
"60d9711be77eb4d830231f74","As mush as we are free to make our own choice then can can also be manipulated depending on the circumstan"
"60da2d61b990239fd41b66b5","The video explained the phenomenon of mind manipulation without the knowledge of the manipulated person. This was explained by a short procedure with cards, where the facilitator proved the manipulation of the mind by selecting a card by the subject and then removing this card from the deck. The card removed by the leader was the one chosen by most of the subj"
"60da4e5bdcee7322f9e92817","We are made to believe that most of our decision making is that of our choice, but science has proved otherwise. \nMost of the decisions we make are basically influenced by what we see and hear on a daily basis and not solely on our own thinking. \nThe mind can easily be tricked to make a decision based on the information that it's being "
