prolific_id,group_keep
5caf40166a6e3500010a4d8f,pro
60e724eca0b6545140fd4cc6,pro
60e7e85dcd701bb37b46ae9e,anti
60e71b9960978b19778a0961,pro
60e7fdc4734f3545ecd74b95,pro
60e744c0fee95a255b7b3b7c,pro
60e777df65061143e8138aef,pro
60ce1360cfc771252ff7f1a6,anti
60e6dc0ada825e3ef46f645f,pro
60e6eb7ca658a90498626c14,pro
60ddfe35f61e2c5458cff9c0,pro
60e71a3b8c5ded7ebbd9ce33,anti
60e73f4ac4a95098d14e7872,pro
60e6e0b377afb9b45d4ff488,pro
60e61e5a8eb3e8b8b6564460,pro
60e55bacb3ca934af037e1c7,pro
60e6eda97cd4df728a0d4afe,pro
60e31d258031f4f4620c68ad,pro
5c825b1278b14e00123263e9,pro
60df8847d306d52a1094ae19,anti
60e5e98326d94f93738053c5,pro
60e6f5d52cd56530ade0ec5b,pro
60d0fc98abf254a645d6dd12,pro
60d0c653b46e37e9ddb7c01c,pro
60e45669ce29a8e92fc8da31,pro
60e60b0d04cf1158efcac6ac,pro
603e60ab4df9d7eabba47ecb,pro
60b909a72bf7263aeb755c53,pro
60e7452f8d8789d428557940,anti
5f2a05ee99ab491cdb83c3d4,anti
60d48aa3b93dbb4343625807,pro
60e7234ed9f4654d2dfa8534,pro
609eff98a4cb6c1e1664cb98,pro
60e586145b73b702a608bace,pro
60df2618cedb346e436a28cf,pro
60dd619e24eb76732ae7934b,pro
5c629b836e03a00001d47bdd,pro
60e4689adf5d2d95abe69123,pro
5f06ed9b2d94fe2605c9b238,pro
5e196bcd49c6aa210ea6aaad,pro
5ea9b4ac331fef0fc4da8ed7,pro
6053b164bf23cc16b5d135d1,pro
5f19a5216ad523000817ad0c,pro
605e1c069bf8b845cffcb127,pro
60d4ff34730a73153dff9e44,pro
60df85380b80ad546ea7a637,pro
60e465e89733dfec5d43619e,pro
5c431559dc3ef30001b09341,pro
60dc3be04ea7cf73aaf5776c,pro
60e5b521ecb6794660977a11,anti
5c87d68fe5bc060001ee8498,pro
60e0419977bb97fe9542d8e7,pro
60e5708ec0a1cf27e2e63ca4,pro
60db330e7f2788aa9c6a708f,pro
60e223997949aa8e7632763d,pro
5ebaa88e5271270008af01d5,pro
5b0ff678444cef0001caa325,pro
6060ad720ea5ce3bab4d6008,pro
60d5fa008458cd31d8e95f56,pro
60e5d12019a0a4613b224da8,pro
60c9da1074228453d4497225,anti
5f403b9d3aa2e41686e13f2d,anti
